target,feature_set,model,transform,is_dummy,n_test_sum,selection_metric_name,selection_rmse_mean,rank_selection_rmse,selection_r2_mean,rank_selection_r2,selection_spearman_r_mean,rank_selection_spearman,original_rmse_mean,original_rmse_std,original_mae_mean,original_r2_mean,original_pearson_r_mean,original_spearman_r_mean,original_bias_mean,modelscale_rmse_mean,modelscale_rmse_std,modelscale_r2_mean,modelscale_spearman_r_mean,rank_original_rmse,rank_modelscale_rmse
BOD,S2 only,DummyMedian,raw,True,114,original_rmse_mean,0.8924747991525072,1.0,-0.1486617959040092,1.0,,,0.8924747991525072,0.2713929843384259,0.6298245614035087,-0.1486617959040092,-2.6202673069309224e-16,,-0.3228070175438596,0.8924747991525072,0.2713929843384259,-0.1486617959040092,,1.0,1.0
BOD,S2 only,CatBoost,raw,False,114,original_rmse_mean,0.9108027227528996,2.0,-0.6221810306234911,3.0,0.4460571769721131,4.0,0.9108027227528996,0.1390634623344926,0.645649289525732,-0.6221810306234911,0.3816511499887813,0.4460571769721131,0.0707819501624763,0.9108027227528996,0.1390634623344926,-0.6221810306234911,0.4460571769721131,2.0,2.0
BOD,S2 only,XGBoost,raw,False,114,original_rmse_mean,0.9157238515600178,3.0,-0.7207559938636751,4.0,0.4514422914516642,2.0,0.9157238515600178,0.1690276157989977,0.6472683346062376,-0.7207559938636751,0.4013362967782772,0.4514422914516642,0.1286392354128653,0.9157238515600178,0.1690276157989977,-0.7207559938636751,0.4514422914516642,3.0,3.0
BOD,S2 only,Stacking_RidgeMeta,raw,False,114,original_rmse_mean,0.9160336262026342,4.0,-0.5311073233895183,2.0,0.4190667068338258,5.0,0.9160336262026342,0.118502688201431,0.6601593223689287,-0.5311073233895183,0.3812161661277232,0.4190667068338258,-0.0057049650592368,0.9160336262026342,0.118502688201431,-0.5311073233895183,0.4190667068338258,4.0,4.0
BOD,S2 only,RandomForest,raw,False,114,original_rmse_mean,0.9390781017438784,5.0,-0.8480014390623447,5.0,0.4925611113596572,1.0,0.9390781017438784,0.2012444401035576,0.6543735532967122,-0.8480014390623447,0.4083082463718223,0.4925611113596572,0.0708944003379374,0.9390781017438784,0.2012444401035576,-0.8480014390623447,0.4925611113596572,5.0,5.0
BOD,S2 only,Ridge,raw,False,114,original_rmse_mean,0.9613164413451412,6.0,-0.984296517764524,6.0,0.4505958867369333,3.0,0.9613164413451412,0.249118986332672,0.6852344439645491,-0.984296517764524,0.4256525363830691,0.4505958867369333,0.0337368219662424,0.9613164413451412,0.249118986332672,-0.984296517764524,0.4505958867369333,6.0,6.0
BOD,S2 only,ElasticNet,raw,False,114,original_rmse_mean,0.9736390831486708,7.0,-1.1210228407816196,7.0,0.4137328455340925,7.0,0.9736390831486708,0.2844475835506284,0.6997160058786555,-1.1210228407816196,0.4081505556401009,0.4137328455340925,0.078017701319882,0.9736390831486708,0.2844475835506284,-1.1210228407816196,0.4137328455340925,7.0,7.0
BOD,S2 only,ExtraTrees,raw,False,114,original_rmse_mean,1.022581591962341,8.0,-1.28724800319925,8.0,0.4171925346464799,6.0,1.022581591962341,0.2522003326613241,0.7112426900584795,-1.28724800319925,0.3243551202819467,0.4171925346464799,0.1077213868003343,1.022581591962341,0.2522003326613241,-1.28724800319925,0.4171925346464799,8.0,8.0
BOD,Context only,Ridge,raw,False,114,original_rmse_mean,0.7625096046668854,1.0,0.0748636275664442,1.0,0.3455598569808997,1.0,0.7625096046668854,0.1148545109642701,0.5837125447781798,0.0748636275664442,0.3510805773000834,0.3455598569808997,-0.139043060380129,1.0101165663684235,0.3611817374711123,-0.5225341960373922,0.3455598569808997,1.0,7.0
BOD,Context only,CatBoost,raw,False,114,original_rmse_mean,0.8553365886225556,2.0,-0.1380088324782884,2.0,0.1979383945820065,5.0,0.8553365886225556,0.1804053116972657,0.6228732832613878,-0.1380088324782884,0.1855222281161509,0.1979383945820065,-0.1489070583024088,0.8553365886225556,0.1804053116972657,-0.1380088324782884,0.1979383945820065,2.0,1.0
BOD,Context only,Stacking_RidgeMeta,raw,False,114,original_rmse_mean,0.8734099546244991,3.0,-0.2193958959411422,5.0,0.2206899185428628,4.0,0.8734099546244991,0.1353103467250423,0.6300581168455214,-0.2193958959411422,0.175726045946995,0.2206899185428628,-0.1894261310798949,0.8740183021686653,0.1350251453543771,-0.2206379574956356,0.2206899185428628,3.0,2.0
BOD,Context only,ExtraTrees,raw,False,114,original_rmse_mean,0.8766948261083334,4.0,-0.2142485594827476,4.0,0.1843248803109766,6.0,0.8766948261083334,0.1586638404713353,0.6260100250626567,-0.2142485594827476,0.1650274661486442,0.1843248803109766,-0.2072648287385128,0.8766948261083334,0.1586638404713353,-0.2142485594827476,0.1843248803109766,4.0,3.0
BOD,Context only,RandomForest,raw,False,114,original_rmse_mean,0.8795878995557942,5.0,-0.2629841118556607,6.0,0.2383709005879093,2.0,0.8795878995557942,0.1199586780726444,0.6372020421299833,-0.2629841118556607,0.2133828068880077,0.2383709005879093,-0.1055632368221486,0.8795878995557942,0.1199586780726444,-0.2629841118556607,0.2383709005879093,5.0,4.0
BOD,Context only,XGBoost,raw,False,114,original_rmse_mean,0.8798674531684488,6.0,-0.2635767594327432,7.0,0.1788320326455074,7.0,0.8798674531684488,0.1309302076679335,0.6325413506282003,-0.2635767594327432,0.1612072565362863,0.1788320326455074,-0.1356489845535211,0.8798674531684488,0.1309302076679335,-0.2635767594327432,0.1788320326455074,6.0,5.0
BOD,Context only,DummyMedian,raw,True,114,original_rmse_mean,0.8924747991525072,7.0,-0.1486617959040092,3.0,,,0.8924747991525072,0.2713929843384259,0.6298245614035087,-0.1486617959040092,-2.6202673069309224e-16,,-0.3228070175438596,0.8924747991525072,0.2713929843384259,-0.1486617959040092,,7.0,6.0
BOD,Context only,ElasticNet,raw,False,114,original_rmse_mean,1.2082377315643396,8.0,-2.858889231826995,8.0,0.2276350285214666,3.0,1.2082377315643396,0.5004730245281378,0.8943216652466887,-2.858889231826995,0.2861651881869818,0.2276350285214666,0.2666782870525849,1.359784788120087,0.4176185152990676,-3.2744440729569924,0.2276350285214666,8.0,8.0
BOD,S2 + Context,Ridge,raw,False,114,original_rmse_mean,0.7960583902894642,1.0,-0.1514378195239205,3.0,0.4321717663571556,1.0,0.7960583902894642,0.0332912699050285,0.5997081958342508,-0.1514378195239205,0.4404367990810223,0.4321717663571556,-0.0500675798428028,1.026827445081817,0.2358960905174268,-0.6852179521688334,0.4321717663571556,1.0,7.0
BOD,S2 + Context,CatBoost,raw,False,114,original_rmse_mean,0.824102803262801,2.0,-0.0970962163873876,1.0,0.3443508443295195,2.0,0.824102803262801,0.1484465024920137,0.5791739311929168,-0.0970962163873876,0.3033634205442497,0.3443508443295195,-0.0521730253340753,0.824102803262801,0.1484465024920137,-0.0970962163873876,0.3443508443295195,2.0,1.0
BOD,S2 + Context,XGBoost,raw,False,114,original_rmse_mean,0.8738134009451802,3.0,-0.342037275781293,4.0,0.3079373171338582,7.0,0.8738134009451802,0.0983004654106278,0.6232315078116301,-0.342037275781293,0.2807805401327979,0.3079373171338582,-0.0295174314264665,0.8738134009451802,0.0983004654106278,-0.342037275781293,0.3079373171338582,3.0,2.0
BOD,S2 + Context,ExtraTrees,raw,False,114,original_rmse_mean,0.8836995536952227,4.0,-0.4009258766369303,5.0,0.3432387409491302,3.0,0.8836995536952227,0.121601290869893,0.6071629072681705,-0.4009258766369303,0.2765918611644876,0.3432387409491302,-0.1060944026733501,0.8836995536952227,0.121601290869893,-0.4009258766369303,0.3432387409491302,4.0,3.0
BOD,S2 + Context,Stacking_RidgeMeta,raw,False,114,original_rmse_mean,0.8900986812402829,5.0,-0.4077910406885097,6.0,0.3321465766574181,6.0,0.8900986812402829,0.1035873485937935,0.6203325372592016,-0.4077910406885097,0.2849705290733817,0.3321465766574181,-0.0961076447275396,0.8980102301222482,0.0907450169951945,-0.42311714871147,0.3321465766574181,5.0,5.0
BOD,S2 + Context,DummyMedian,raw,True,114,original_rmse_mean,0.8924747991525072,6.0,-0.1486617959040092,2.0,,,0.8924747991525072,0.2713929843384259,0.6298245614035087,-0.1486617959040092,-2.6202673069309224e-16,,-0.3228070175438596,0.8924747991525072,0.2713929843384259,-0.1486617959040092,,6.0,4.0
BOD,S2 + Context,RandomForest,raw,False,114,original_rmse_mean,0.9052660677334567,7.0,-0.5601700433046127,7.0,0.3356454623165528,5.0,0.9052660677334567,0.1432114575996473,0.6355072875510568,-0.5601700433046127,0.298001353195035,0.3356454623165528,-0.0161994161687494,0.9052660677334567,0.1432114575996473,-0.5601700433046127,0.3356454623165528,7.0,6.0
BOD,S2 + Context,ElasticNet,raw,False,114,original_rmse_mean,1.1142125968941847,8.0,-2.009236480038839,8.0,0.3363988615208553,4.0,1.1142125968941847,0.376872836856078,0.8719724480188663,-2.009236480038839,0.3910359268052892,0.3363988615208553,0.2049509335540946,1.3712762020632645,0.3518782490716932,-2.7924791221422223,0.3363988615208553,8.0,8.0
DO,S2 only,DummyMedian,raw,True,114,original_rmse_mean,1.218158102094031,1.0,-0.1980202604255476,1.0,,,1.218158102094031,0.1904826130518338,0.9777192982456144,-0.1980202604255476,1.0719873506828735e-16,,-0.1885964912280701,1.218158102094031,0.1904826130518338,-0.1980202604255476,,1.0,1.0
DO,S2 only,Ridge,raw,False,114,original_rmse_mean,1.2350618162337266,2.0,-0.3115114582907,2.0,0.2351171582732714,4.0,1.2350618162337266,0.094717355823942,0.9766023308323916,-0.3115114582907,0.24488866840425,0.2351171582732714,-0.2952529624383034,1.2350618162337266,0.094717355823942,-0.3115114582907,0.2351171582732714,2.0,2.0
DO,S2 only,ExtraTrees,raw,False,114,original_rmse_mean,1.2488186021943433,3.0,-0.3476645520377086,4.0,0.3147154136389811,1.0,1.2488186021943433,0.144675844111635,0.9667174603174612,-0.3476645520377086,0.2842331818691256,0.3147154136389811,-0.3281164578111947,1.2488186021943433,0.144675844111635,-0.3476645520377086,0.3147154136389811,3.0,3.0
DO,S2 only,Stacking_RidgeMeta,raw,False,114,original_rmse_mean,1.256490580766526,4.0,-0.3413151841716916,3.0,0.1989631916251442,6.0,1.256490580766526,0.1145142150401827,0.9879130456872302,-0.3413151841716916,0.2117612740484154,0.1989631916251442,-0.3321228238538325,1.256490580766526,0.1145142150401827,-0.3413151841716916,0.1989631916251442,4.0,4.0
DO,S2 only,ElasticNet,raw,False,114,original_rmse_mean,1.276342226717148,5.0,-0.4268876656238864,5.0,0.2373034081926476,3.0,1.276342226717148,0.1083078293298146,0.9921269422183716,-0.4268876656238864,0.239789078977338,0.2373034081926476,-0.2415049901917252,1.276342226717148,0.1083078293298146,-0.4268876656238864,0.2373034081926476,5.0,5.0
DO,S2 only,RandomForest,raw,False,114,original_rmse_mean,1.2827490604773455,6.0,-0.4738258432528093,6.0,0.275652360213435,2.0,1.2827490604773455,0.0805005789449321,1.0119912395966029,-0.4738258432528093,0.2668026788240001,0.275652360213435,-0.4263045484096806,1.2827490604773455,0.0805005789449321,-0.4738258432528093,0.275652360213435,6.0,6.0
DO,S2 only,CatBoost,raw,False,114,original_rmse_mean,1.4053554389023306,7.0,-0.8567759760694985,7.0,0.1849428797145169,7.0,1.4053554389023306,0.1777415193549041,1.11472029923398,-0.8567759760694985,0.187505711744633,0.1849428797145169,-0.4476871085324794,1.4053554389023306,0.1777415193549041,-0.8567759760694985,0.1849428797145169,7.0,7.0
DO,S2 only,XGBoost,raw,False,114,original_rmse_mean,1.4293174842244074,8.0,-0.8869321327372433,8.0,0.2198946517529498,5.0,1.4293174842244074,0.1326220858440605,1.1455666833174858,-0.8869321327372433,0.1924317183438434,0.2198946517529498,-0.4936445353323953,1.4293174842244074,0.1326220858440605,-0.8869321327372433,0.2198946517529498,8.0,8.0
DO,Context only,DummyMedian,raw,True,114,original_rmse_mean,1.218158102094031,1.0,-0.1980202604255476,1.0,,,1.218158102094031,0.1904826130518338,0.9777192982456144,-0.1980202604255476,1.0719873506828735e-16,,-0.1885964912280701,1.218158102094031,0.1904826130518338,-0.1980202604255476,,1.0,1.0
DO,Context only,ExtraTrees,raw,False,114,original_rmse_mean,1.2910897351217054,2.0,-0.4587193608919079,2.0,0.0984879203005794,5.0,1.2910897351217054,0.1284551501573298,1.042930158730158,-0.4587193608919079,0.1445692988955479,0.0984879203005794,-0.2627540517961563,1.2910897351217054,0.1284551501573298,-0.4587193608919079,0.0984879203005794,2.0,2.0
DO,Context only,RandomForest,raw,False,114,original_rmse_mean,1.3546515627746043,3.0,-0.6336241402910502,3.0,0.0957186294518891,6.0,1.3546515627746043,0.1512593012327867,1.1252153169940535,-0.6336241402910502,0.1550612556476037,0.0957186294518891,-0.3642288143971859,1.3546515627746043,0.1512593012327867,-0.6336241402910502,0.0957186294518891,3.0,3.0
DO,Context only,Stacking_RidgeMeta,raw,False,114,original_rmse_mean,1.3658972422751017,4.0,-0.6367591907154012,4.0,0.1393663474539758,3.0,1.3658972422751017,0.2351925661754578,1.0711224556599694,-0.6367591907154012,0.084008814011991,0.1393663474539758,-0.2790383582481529,1.3658972422751017,0.2351925661754578,-0.6367591907154012,0.1393663474539758,4.0,4.0
DO,Context only,XGBoost,raw,False,114,original_rmse_mean,1.3770142707008948,5.0,-0.7356677573154454,5.0,0.1277475277565435,4.0,1.3770142707008948,0.2055084719884812,1.1138653323524874,-0.7356677573154454,0.1602644421106943,0.1277475277565435,-0.2862560757419519,1.3770142707008948,0.2055084719884812,-0.7356677573154454,0.1277475277565435,5.0,5.0
DO,Context only,CatBoost,raw,False,114,original_rmse_mean,1.3882732595286509,6.0,-0.7542260288355123,6.0,0.156170044246585,2.0,1.3882732595286509,0.1330512443578932,1.1344300865660175,-0.7542260288355123,0.1512940317098538,0.156170044246585,-0.3820324807279168,1.3882732595286509,0.1330512443578932,-0.7542260288355123,0.156170044246585,6.0,6.0
DO,Context only,Ridge,raw,False,114,original_rmse_mean,2.9287576014015837,7.0,-6.030366401635921,7.0,0.2729959826317611,1.0,2.9287576014015837,2.106157651546324,1.4891838789897154,-6.030366401635921,0.1839157609481695,0.2729959826317611,-0.1109078981345364,3.69976923366096,2.1827331737492206,-9.583646041874395,0.2729959826317611,7.0,7.0
DO,Context only,ElasticNet,raw,False,114,original_rmse_mean,3.689723739727039,8.0,-10.201405895879994,8.0,0.0676004993193954,7.0,3.689723739727039,2.8647129747129028,2.276114441914457,-10.201405895879994,0.0184629450532176,0.0676004993193954,0.6750748531435861,4.4009825514627785,3.361155739289052,-14.820703033399116,0.0676004993193954,8.0,8.0
DO,S2 + Context,DummyMedian,raw,True,114,original_rmse_mean,1.218158102094031,1.0,-0.1980202604255476,1.0,,,1.218158102094031,0.1904826130518338,0.9777192982456144,-0.1980202604255476,1.0719873506828735e-16,,-0.1885964912280701,1.218158102094031,0.1904826130518338,-0.1980202604255476,,1.0,1.0
DO,S2 + Context,ExtraTrees,raw,False,114,original_rmse_mean,1.254960676694033,2.0,-0.4115405148156205,2.0,0.1788572126574251,5.0,1.254960676694033,0.0898335233688268,1.0123345446950711,-0.4115405148156205,0.2254695319768661,0.1788572126574251,-0.2606565162907262,1.254960676694033,0.0898335233688268,-0.4115405148156205,0.1788572126574251,2.0,2.0
DO,S2 + Context,XGBoost,raw,False,114,original_rmse_mean,1.3098117616230178,3.0,-0.5990865879063542,5.0,0.196592021134012,3.0,1.3098117616230178,0.1516254475343216,1.0635292802777208,-0.5990865879063542,0.2661324065454497,0.196592021134012,-0.2895276805810761,1.3098117616230178,0.1516254475343216,-0.5990865879063542,0.196592021134012,3.0,3.0
DO,S2 + Context,RandomForest,raw,False,114,original_rmse_mean,1.31282883548326,4.0,-0.5419975768048372,3.0,0.1416885739982051,6.0,1.31282883548326,0.1363243599818067,1.0848834783706962,-0.5419975768048372,0.2109594886002892,0.1416885739982051,-0.3425371431728948,1.31282883548326,0.1363243599818067,-0.5419975768048372,0.1416885739982051,4.0,4.0
DO,S2 + Context,CatBoost,raw,False,114,original_rmse_mean,1.3171156706648637,5.0,-0.5835486140922633,4.0,0.2095028320560892,2.0,1.3171156706648637,0.113843089786514,1.081142206008573,-0.5835486140922633,0.2032886063754722,0.2095028320560892,-0.330830728522018,1.3171156706648637,0.113843089786514,-0.5835486140922633,0.2095028320560892,5.0,5.0
DO,S2 + Context,Stacking_RidgeMeta,raw,False,114,original_rmse_mean,1.3890126868710408,6.0,-0.7645340108723108,6.0,0.1910612968214046,4.0,1.3890126868710408,0.1436209369925691,1.0748238127047791,-0.7645340108723108,0.1381513753125136,0.1910612968214046,-0.3218682603466734,1.3890126868710408,0.1436209369925691,-0.7645340108723108,0.1910612968214046,6.0,6.0
DO,S2 + Context,Ridge,raw,False,114,original_rmse_mean,3.1792396500845945,7.0,-7.181515259183516,7.0,0.3076542148847871,1.0,3.1792396500845945,2.25045163514125,1.5381946747947517,-7.181515259183516,0.2026712130448973,0.3076542148847871,0.122079943508693,4.0001678912318015,2.4264679183192843,-11.433152920993562,0.3076542148847871,7.0,7.0
DO,S2 + Context,ElasticNet,raw,False,114,original_rmse_mean,4.38914245940003,8.0,-15.144229792677558,8.0,0.134799551973401,7.0,4.38914245940003,3.353104097359451,2.5440514200320945,-15.144229792677558,0.0496879405053513,0.134799551973401,0.6989932160877942,5.202383428719562,3.5283333967315245,-20.497360899184788,0.134799551973401,8.0,8.0
Turbidity,S2 only,ElasticNet,log1p,False,114,modelscale_rmse_mean,0.8116207366557044,1.0,0.3697414850891576,1.0,0.629940032020028,1.0,52.11199024620535,28.743776216438253,22.803824921944766,0.2092507953143982,0.5504262044383549,0.629940032020028,-16.607444547197876,0.8116207366557044,0.2002932268759462,0.3697414850891576,0.629940032020028,4.0,1.0
Turbidity,S2 only,Ridge,log1p,False,114,modelscale_rmse_mean,0.8175201604587929,2.0,0.3597419041222943,2.0,0.6279706966117952,2.0,53.5248149801177,29.26228056892657,23.654531120521305,0.171872251107587,0.5654472474901517,0.6279706966117952,-17.874128742709928,0.8175201604587929,0.2139517465288987,0.3597419041222943,0.6279706966117952,7.0,2.0
Turbidity,S2 only,Stacking_RidgeMeta,log1p,False,114,modelscale_rmse_mean,0.8229271992849169,3.0,0.3562346338393811,3.0,0.5906916023861712,4.0,53.06139845806244,28.663383544650834,22.88745269397413,0.1855755425236647,0.5495671176918422,0.5906916023861712,-16.228305101706397,0.8229271992849169,0.1969785994149635,0.3562346338393811,0.5906916023861712,6.0,3.0
Turbidity,S2 only,CatBoost,log1p,False,114,modelscale_rmse_mean,0.8281751870288686,4.0,0.3548168449390113,4.0,0.5898130197983661,5.0,49.862390821552,28.59097908771605,23.12358368705507,0.2646521168770619,0.5479414442810132,0.5898130197983661,-12.21939052501147,0.8281751870288686,0.1716505536237227,0.3548168449390113,0.5898130197983661,1.0,4.0
Turbidity,S2 only,RandomForest,log1p,False,114,modelscale_rmse_mean,0.8330383882333682,5.0,0.3345328381525179,5.0,0.6148008972726196,3.0,53.05447366137366,26.3487825105978,24.22088894515335,0.1580839733548477,0.5160383339816704,0.6148008972726196,-14.0398322326676,0.8330383882333682,0.1359290546437017,0.3345328381525179,0.6148008972726196,5.0,5.0
Turbidity,S2 only,ExtraTrees,log1p,False,114,modelscale_rmse_mean,0.8564812034755405,6.0,0.3045228628391392,6.0,0.5876979770603318,6.0,51.531294437172846,28.97622631488181,23.581201299462418,0.214134150527425,0.4849791551266014,0.5876979770603318,-12.87506887277651,0.8564812034755405,0.1487476787277743,0.3045228628391392,0.5876979770603318,3.0,6.0
Turbidity,S2 only,XGBoost,log1p,False,114,modelscale_rmse_mean,0.8828417583245929,7.0,0.2631694375284805,7.0,0.554721466526661,7.0,50.6873592776092,26.222860620726628,24.398705596538036,0.2161424825562542,0.5622024009172532,0.554721466526661,-11.0156720921064,0.8828417583245929,0.1382223628260134,0.2631694375284805,0.554721466526661,2.0,7.0
Turbidity,S2 only,DummyMedian,log1p,True,114,modelscale_rmse_mean,1.0935996092749751,8.0,-0.1122490179485132,8.0,,,62.4456873689846,30.23580236802634,29.07938596491228,-0.1415583981134537,,,-23.041666666666668,1.0935996092749751,0.1994178672366975,-0.1122490179485132,,8.0,8.0
Turbidity,Context only,Stacking_RidgeMeta,log1p,False,114,modelscale_rmse_mean,1.027088467010808,1.0,0.0187229849866307,1.0,0.3708497369955074,1.0,57.89357233600231,31.62741203251844,28.097091811583173,0.0579221387104652,0.4660743173744441,0.3708497369955074,-21.094831814582697,1.027088467010808,0.2616942740984128,0.0187229849866307,0.3708497369955074,3.0,1.0
Turbidity,Context only,CatBoost,log1p,False,114,modelscale_rmse_mean,1.0475631771627512,2.0,-0.022559261906519,2.0,0.2928970691540568,2.0,56.60668637065984,30.588545253056544,28.4437710079644,0.0975122659207015,0.4742881092695001,0.2928970691540568,-17.30707117399002,1.0475631771627512,0.1629127445884995,-0.022559261906519,0.2928970691540568,2.0,2.0
Turbidity,Context only,RandomForest,log1p,False,114,modelscale_rmse_mean,1.051733489371342,3.0,-0.0259250008496841,3.0,0.261052283846424,3.0,57.905623610461134,29.02645008449489,29.135794969332142,0.0284346681619845,0.3866144588930817,0.261052283846424,-17.945653946975053,1.051733489371342,0.2085454894763372,-0.0259250008496841,0.261052283846424,4.0,3.0
Turbidity,Context only,ExtraTrees,log1p,False,114,modelscale_rmse_mean,1.0847958765480954,4.0,-0.0919211387410536,4.0,0.2033778952299153,5.0,60.34238623851859,31.58951149700857,30.089856778096,-0.0429704683129399,0.3147524848124445,0.2033778952299153,-18.73960860591279,1.0847958765480954,0.2971880867551162,-0.0919211387410536,0.2033778952299153,5.0,4.0
Turbidity,Context only,DummyMedian,log1p,True,114,modelscale_rmse_mean,1.0935996092749751,5.0,-0.1122490179485132,5.0,,,62.4456873689846,30.23580236802634,29.07938596491228,-0.1415583981134537,,,-23.041666666666668,1.0935996092749751,0.1994178672366975,-0.1122490179485132,,6.0,5.0
Turbidity,Context only,XGBoost,log1p,False,114,modelscale_rmse_mean,1.1338802982546925,6.0,-0.2008752562052728,6.0,0.2141842813463765,4.0,56.14203281507469,28.11174004993793,29.626163593927465,0.0787638114458164,0.4551980308749501,0.2141842813463765,-17.640001475740593,1.1338802982546925,0.2051097374659026,-0.2008752562052728,0.2141842813463765,1.0,6.0
Turbidity,Context only,Ridge,log1p,False,114,modelscale_rmse_mean,3.017941865070092,7.0,-9.619597922530104,7.0,-0.054395908913374,6.0,17050269099.21956,29531932161.9654,2765918941.406379,-1.3129789965902106e+17,0.0378500657955345,-0.0587216561743258,2765918895.326614,3.017941865070092,2.5122733214838155,-9.619597922530104,-0.054395908913374,8.0,7.0
Turbidity,Context only,ElasticNet,log1p,False,114,modelscale_rmse_mean,3.945860104090839,8.0,-14.14439217732378,8.0,-0.1530944455293822,7.0,18599501.819251847,32182079.25088252,3019130.237690656,-156027503157.51758,-0.088710572114925,-0.1640345444250007,3019082.464135613,3.945860104090839,1.9538298380597772,-14.14439217732378,-0.1530944455293822,7.0,8.0
Turbidity,S2 + Context,RandomForest,log1p,False,114,modelscale_rmse_mean,0.8629306985042625,1.0,0.2976872586353949,1.0,0.57832501108682,1.0,53.05086169959839,26.68665571703332,25.1903643115067,0.1782450631833765,0.5611619509439619,0.57832501108682,-15.77130573492554,0.8629306985042625,0.1583785648912211,0.2976872586353949,0.57832501108682,2.0,1.0
Turbidity,S2 + Context,CatBoost,log1p,False,114,modelscale_rmse_mean,0.883823639537172,2.0,0.2697131801438031,2.0,0.5744206904291883,2.0,53.74205308881485,27.87272491621657,25.306629826660707,0.1529937899873705,0.5267067146945109,0.5744206904291883,-16.64309011630682,0.883823639537172,0.1711707296842927,0.2697131801438031,0.5744206904291883,4.0,2.0
Turbidity,S2 + Context,Stacking_RidgeMeta,log1p,False,114,modelscale_rmse_mean,0.8903405755358017,3.0,0.2589701326607335,3.0,0.5144533392465752,3.0,53.70387937924378,29.508521732062352,24.913133923142546,0.1728460285155269,0.5115014695642556,0.5144533392465752,-16.76450352282555,0.8903405755358017,0.1924000594745472,0.2589701326607335,0.5144533392465752,3.0,3.0
Turbidity,S2 + Context,ExtraTrees,log1p,False,114,modelscale_rmse_mean,0.9173012935554382,4.0,0.2116622823520818,4.0,0.4835943782444765,5.0,55.29882030567301,29.229854757320467,26.08321205068967,0.1093200838997126,0.5043057095475433,0.4835943782444765,-17.391014315437054,0.9173012935554382,0.2074894407310004,0.2116622823520818,0.4835943782444765,5.0,4.0
Turbidity,S2 + Context,XGBoost,log1p,False,114,modelscale_rmse_mean,0.93173079346971,5.0,0.1865796317165477,5.0,0.4888470509421853,4.0,51.68944317226226,28.35154022239083,25.83375838349501,0.2117665137306769,0.5494134470009371,0.4888470509421853,-14.847161222275632,0.93173079346971,0.1581852107276137,0.1865796317165477,0.4888470509421853,1.0,5.0
Turbidity,S2 + Context,DummyMedian,log1p,True,114,modelscale_rmse_mean,1.0935996092749751,6.0,-0.1122490179485132,6.0,,,62.4456873689846,30.23580236802634,29.07938596491228,-0.1415583981134537,,,-23.041666666666668,1.0935996092749751,0.1994178672366975,-0.1122490179485132,,6.0,6.0
Turbidity,S2 + Context,Ridge,log1p,False,114,modelscale_rmse_mean,2.0588673675690345,7.0,-3.5385482912929507,7.0,0.2059694833405239,6.0,2843.310187952549,4783.376916094982,495.8104405928077,-3513.8923270481087,0.1288046308353617,0.2063807364104759,457.94279857442535,2.0588673675690345,1.4383940381881894,-3.5385482912929507,0.2059694833405239,7.0,7.0
Turbidity,S2 + Context,ElasticNet,log1p,False,114,modelscale_rmse_mean,2.773670414411393,8.0,-6.553434830394035,8.0,0.0073645759537217,7.0,10007400.954431351,17332338.9160151,1623512.2950163065,-45227741612.71429,0.0530065808444044,-0.0030615931228562,1623469.7704166437,2.773670414411393,1.4360708756064775,-6.553434830394035,0.0073645759537217,8.0,8.0
SS,S2 only,Ridge,log1p,False,114,modelscale_rmse_mean,0.7062139360522002,1.0,0.2780118085215824,1.0,0.6449140829030501,1.0,47.30133031538632,44.89482698514576,19.35913244752104,0.195596126216739,0.4964133972949527,0.6449140829030501,-11.484308177366437,0.7062139360522002,0.1803249507695099,0.2780118085215824,0.6449140829030501,1.0,1.0
SS,S2 only,ElasticNet,log1p,False,114,modelscale_rmse_mean,0.7232996634190241,2.0,0.2454235046746573,2.0,0.6137880254978961,2.0,47.41101592771856,44.387525795248216,19.356416024276488,0.1833973804006317,0.4565954320823979,0.6137880254978961,-10.77135287204237,0.7232996634190241,0.1548055010859129,0.2454235046746573,0.6137880254978961,2.0,2.0
SS,S2 only,Stacking_RidgeMeta,log1p,False,114,modelscale_rmse_mean,0.7470065206545445,3.0,0.1927385903542242,3.0,0.5756917459806695,3.0,48.26353306905845,44.432825386973576,20.10316352718887,0.1367825589730213,0.400956760183935,0.5756917459806695,-10.666580471363066,0.7470065206545445,0.1355258357478206,0.1927385903542242,0.5756917459806695,4.0,3.0
SS,S2 only,RandomForest,log1p,False,114,modelscale_rmse_mean,0.7603577411840572,4.0,0.1544162650321677,4.0,0.551139138300342,4.0,48.475819650245946,43.69769210023913,20.38960277392065,0.0976613859952735,0.3801982116432519,0.551139138300342,-9.220832995077153,0.7603577411840572,0.1241258516795792,0.1544162650321677,0.551139138300342,6.0,4.0
SS,S2 only,ExtraTrees,log1p,False,114,modelscale_rmse_mean,0.7871103739634524,5.0,0.0942121245333387,5.0,0.5195537274101157,5.0,48.24148795556068,44.81318879097851,20.096894823236877,0.1250603447412438,0.3510432629937001,0.5195537274101157,-8.26520288777631,0.7871103739634524,0.1167384990408227,0.0942121245333387,0.5195537274101157,3.0,5.0
SS,S2 only,CatBoost,log1p,False,114,modelscale_rmse_mean,0.8089218434525213,6.0,0.0634509543137685,6.0,0.4387619224798494,6.0,48.46860997634145,45.05967524728735,20.7471190788888,0.1237992020707908,0.3308660720053464,0.4387619224798494,-8.831551290035636,0.8089218434525213,0.1495713200102995,0.0634509543137685,0.4387619224798494,5.0,6.0
SS,S2 only,XGBoost,log1p,False,114,modelscale_rmse_mean,0.8312581353813563,7.0,-0.0010163207068383,7.0,0.425324946079631,7.0,49.28196505932302,43.68465928584987,21.090847079923726,0.0496388087094506,0.3018001963589685,0.425324946079631,-8.432150137367294,0.8312581353813563,0.119287401871713,-0.0010163207068383,0.425324946079631,7.0,7.0
SS,S2 only,DummyMedian,log1p,True,114,modelscale_rmse_mean,0.9196904659746402,8.0,-0.1975412144054211,8.0,,,52.47907953921735,43.40628871621183,23.176194909767684,-0.0990212377435723,,,-15.911524388477934,0.9196904659746402,0.1828779773074383,-0.1975412144054211,,8.0,8.0
SS,Context only,Stacking_RidgeMeta,log1p,False,114,modelscale_rmse_mean,0.8114278020109006,1.0,0.0696962277527932,1.0,0.4285927443623468,1.0,49.0129779494896,45.36455742439495,21.270756088661944,0.1296744098184135,0.4284081292919137,0.4285927443623468,-12.608129648254426,0.8114278020109006,0.18585167312537,0.0696962277527932,0.4285927443623468,2.0,1.0
SS,Context only,ExtraTrees,log1p,False,114,modelscale_rmse_mean,0.8128668879724564,2.0,0.0694662920292378,2.0,0.3865235483546854,2.0,48.717520745353845,45.126481340101385,21.36279592117636,0.1443975582130968,0.4741841610086927,0.3865235483546854,-12.83992081654652,0.8128668879724564,0.2003581888438402,0.0694662920292378,0.3865235483546854,1.0,2.0
SS,Context only,CatBoost,log1p,False,114,modelscale_rmse_mean,0.8381200925575256,3.0,0.0090276235335559,3.0,0.3751095073445101,3.0,49.04233690370554,45.22914457911118,21.904386555501475,0.1295658003500288,0.4261483630266123,0.3751095073445101,-12.540992419051932,0.8381200925575256,0.1769757282100577,0.0090276235335559,0.3751095073445101,3.0,3.0
SS,Context only,RandomForest,log1p,False,114,modelscale_rmse_mean,0.8462730679690947,4.0,-0.0142933595842896,4.0,0.3255298910171133,4.0,49.77065590357352,43.857002630157496,22.217676907000623,0.0654990692088329,0.3799627337975914,0.3255298910171133,-12.82888441150945,0.8462730679690947,0.1527405546584053,-0.0142933595842896,0.3255298910171133,5.0,4.0
SS,Context only,XGBoost,log1p,False,114,modelscale_rmse_mean,0.8700951102679043,5.0,-0.0664863263489557,5.0,0.3031314165790493,5.0,49.26462900607306,45.08571616920565,22.347094393011734,0.1155652494898813,0.3644699967195056,0.3031314165790493,-11.974981149465684,0.8700951102679043,0.1872317357761335,-0.0664863263489557,0.3031314165790493,4.0,5.0
SS,Context only,DummyMedian,log1p,True,114,modelscale_rmse_mean,0.9196904659746402,6.0,-0.1975412144054211,6.0,,,52.47907953921735,43.40628871621183,23.176194909767684,-0.0990212377435723,,,-15.911524388477934,0.9196904659746402,0.1828779773074383,-0.1975412144054211,,6.0,6.0
SS,Context only,Ridge,log1p,False,114,modelscale_rmse_mean,2.9067422961744334,7.0,-11.824823772094968,7.0,-0.0433326793915076,7.0,2148.297238341197,3243.45550397676,396.5583079459479,-1343.8466528865913,0.2783132422557249,-0.0489776814928845,369.3425406467177,2.9067422961744334,1.7897398813310936,-11.824823772094968,-0.0433326793915076,7.0,7.0
SS,Context only,ElasticNet,log1p,False,114,modelscale_rmse_mean,3.320579534885535,8.0,-14.74558321860871,8.0,0.0326009958104375,6.0,22712.488233076507,38100.23810047254,6908.745655597948,-1617852.4076601036,0.2775481338183204,0.0252598715090871,6884.461784375656,3.320579534885535,1.1292928416709755,-14.74558321860871,0.0326009958104375,8.0,8.0
SS,S2 + Context,ExtraTrees,log1p,False,114,modelscale_rmse_mean,0.7313293486755709,1.0,0.2370470471459304,1.0,0.5410698493879517,1.0,46.322509518112334,45.89766183780729,19.448884547289065,0.2549505623377777,0.5185104452334459,0.5410698493879517,-11.335203856151423,0.7313293486755709,0.1572335724129523,0.2370470471459304,0.5410698493879517,2.0,1.0
SS,S2 + Context,RandomForest,log1p,False,114,modelscale_rmse_mean,0.7412521954886864,2.0,0.2135947352585706,2.0,0.5385619123144052,2.0,46.17971502954932,45.46547467046386,19.578963210715145,0.2529635698492328,0.5151629058750377,0.5385619123144052,-10.64269861973055,0.7412521954886864,0.1429746508367981,0.2135947352585706,0.5385619123144052,1.0,2.0
SS,S2 + Context,CatBoost,log1p,False,114,modelscale_rmse_mean,0.7494966376964919,3.0,0.2004193592976006,3.0,0.5182512677682422,3.0,47.5716828689809,45.32913931613085,19.94548209847097,0.1804237015669203,0.4380575196532086,0.5182512677682422,-11.224826383046802,0.7494966376964919,0.1632364209889645,0.2004193592976006,0.5182512677682422,5.0,3.0
SS,S2 + Context,Stacking_RidgeMeta,log1p,False,114,modelscale_rmse_mean,0.7638690318777558,4.0,0.1691602618783547,4.0,0.505285082462951,4.0,46.794480482214055,45.70149993040899,20.081397336117533,0.2250710756467644,0.5485099321249871,0.505285082462951,-12.316188658133973,0.7638690318777558,0.1606556356054892,0.1691602618783547,0.505285082462951,3.0,4.0
SS,S2 + Context,XGBoost,log1p,False,114,modelscale_rmse_mean,0.8058353140888337,5.0,0.0714265695074055,5.0,0.4432639628094552,5.0,47.50375904255666,45.578577025910654,20.722248191034005,0.1784737711829269,0.4192788383320286,0.4432639628094552,-10.639640472272566,0.8058353140888337,0.1394862269911611,0.0714265695074055,0.4432639628094552,4.0,5.0
SS,S2 + Context,DummyMedian,log1p,True,114,modelscale_rmse_mean,0.9196904659746402,6.0,-0.1975412144054211,6.0,,,52.47907953921735,43.40628871621183,23.176194909767684,-0.0990212377435723,,,-15.911524388477934,0.9196904659746402,0.1828779773074383,-0.1975412144054211,,6.0,6.0
SS,S2 + Context,Ridge,log1p,False,114,modelscale_rmse_mean,1.9358770558592908,7.0,-4.327954247378482,7.0,0.2071075158919324,6.0,650.7365657924926,546.0799753479805,171.3316635238065,-361.4831073783217,0.4190820646502117,0.2081015580580023,149.0317114119226,1.9358770558592908,0.5343427985324103,-4.327954247378482,0.2071075158919324,7.0,7.0
SS,S2 + Context,ElasticNet,log1p,False,114,modelscale_rmse_mean,2.7620828047012647,8.0,-9.77287875456881,8.0,0.1256231765205722,7.0,3728.839745613403,3906.912517176816,984.7906654363544,-22619.66677409731,0.3976572657139237,0.1226132567976377,962.676852095887,2.7620828047012647,0.669521007752691,-9.77287875456881,0.1256231765205722,8.0,8.0
TCB,S2 only,Stacking_RidgeMeta,log1p,False,114,modelscale_rmse_mean,1.780568349663496,1.0,0.0086062979029044,1.0,0.3206294316535227,2.0,8413.605487667171,3044.768949928189,4615.156673389757,-0.020974422285904,0.2683541512574772,0.3206294316535227,-2546.440498672817,1.780568349663496,0.3778646637250384,0.0086062979029044,0.3206294316535227,6.0,1.0
TCB,S2 only,ElasticNet,log1p,False,114,modelscale_rmse_mean,1.7949013471224042,2.0,-0.03611869495275,2.0,0.3231282782606418,1.0,8363.836059520918,2835.109311455641,4884.694777596558,-0.0240219818911556,0.2559569256970885,0.3231282782606418,-1878.668306159168,1.7949013471224042,0.2375003787125812,-0.03611869495275,0.3231282782606418,3.0,2.0
TCB,S2 only,Ridge,log1p,False,114,modelscale_rmse_mean,1.8378377670114647,3.0,-0.0667568869036876,3.0,0.2823876508160187,3.0,8514.002775970244,3047.281805817004,4705.925954630165,-0.0473956900692994,0.2080137079469286,0.2823876508160187,-2503.2356663284995,1.8378377670114647,0.3262379243653846,-0.0667568869036876,0.2823876508160187,7.0,3.0
TCB,S2 only,RandomForest,log1p,False,114,modelscale_rmse_mean,1.8692741059696816,4.0,-0.0923570639717652,5.0,0.198783569174711,4.0,8340.90297303303,3428.678940833844,4628.5529938309,0.0141067734569211,0.3048632149750742,0.198783569174711,-2481.2614516025824,1.8692741059696816,0.3975961537659476,-0.0923570639717652,0.198783569174711,2.0,4.0
TCB,S2 only,DummyMedian,log1p,True,114,modelscale_rmse_mean,1.8764418082424648,5.0,-0.0876104640311535,4.0,,,8853.45801682931,3242.164235026896,4549.543859649123,-0.1268777452873631,,,-3034.6666666666665,1.8764418082424648,0.5111237871843263,-0.0876104640311535,,8.0,5.0
TCB,S2 only,CatBoost,log1p,False,114,modelscale_rmse_mean,1.959074806203752,6.0,-0.216775214471441,6.0,0.1866362386864945,5.0,8372.01066708473,3513.78807755982,4655.864183010753,0.0123747526604343,0.3120516286103401,0.1866362386864945,-2281.9245983460205,1.959074806203752,0.3308963943129427,-0.216775214471441,0.1866362386864945,4.0,6.0
TCB,S2 only,ExtraTrees,log1p,False,114,modelscale_rmse_mean,1.966878417294854,7.0,-0.2196781452486802,7.0,0.1582680704904084,6.0,8378.028273676178,3320.756538506067,4689.053540785989,-0.0007121542307656,0.2833411437805531,0.1582680704904084,-2405.526700820973,1.966878417294854,0.369670039703475,-0.2196781452486802,0.1582680704904084,5.0,7.0
TCB,S2 only,XGBoost,log1p,False,114,modelscale_rmse_mean,2.0262321050646954,8.0,-0.2864955852435245,8.0,0.13049949887109,7.0,8200.718648823813,3572.4081564134267,4764.101459024802,0.0539312853617234,0.3690060635772745,0.13049949887109,-1965.3725378080064,2.0262321050646954,0.4239376546657206,-0.2864955852435245,0.13049949887109,1.0,8.0
TCB,Context only,RandomForest,log1p,False,114,modelscale_rmse_mean,1.7957759567902822,1.0,-0.002775924117443,1.0,0.3240841775530496,2.0,8442.405980760439,3399.803231316207,4439.828697413973,-0.011161276680281,0.3104795376333023,0.3240841775530496,-2698.0916864716924,1.7957759567902822,0.4212730396280265,-0.002775924117443,0.3240841775530496,2.0,1.0
TCB,Context only,CatBoost,log1p,False,114,modelscale_rmse_mean,1.8030938496388944,2.0,-0.0068540575541207,2.0,0.2660625922086959,3.0,8356.71431222366,3298.1224192282857,4494.114791868961,0.0059544415602319,0.3143811619051282,0.2660625922086959,-2481.3679281322857,1.8030938496388944,0.5022243212609693,-0.0068540575541207,0.2660625922086959,1.0,2.0
TCB,Context only,DummyMedian,log1p,True,114,modelscale_rmse_mean,1.8764418082424648,3.0,-0.0876104640311535,3.0,,,8853.45801682931,3242.164235026896,4549.543859649123,-0.1268777452873631,,,-3034.6666666666665,1.8764418082424648,0.5111237871843263,-0.0876104640311535,,5.0,3.0
TCB,Context only,XGBoost,log1p,False,114,modelscale_rmse_mean,1.878578771140704,4.0,-0.1063103501117875,4.0,0.3401287176355416,1.0,8473.139716449345,3557.531692370272,4670.072449684699,-0.0111403229315054,0.2824777970059824,0.3401287176355416,-2145.6199741373025,1.878578771140704,0.3845654402318846,-0.1063103501117875,0.3401287176355416,3.0,4.0
TCB,Context only,ExtraTrees,log1p,False,114,modelscale_rmse_mean,1.93251920796573,5.0,-0.1440104162682592,5.0,0.1383274706112792,4.0,8596.104462496214,3180.4085801459564,4579.38668576759,-0.060785608298195,0.2238747595550233,0.1383274706112792,-2593.628463531028,1.93251920796573,0.6145514970983601,-0.1440104162682592,0.1383274706112792,4.0,5.0
TCB,Context only,Stacking_RidgeMeta,log1p,False,114,modelscale_rmse_mean,2.316038376466986,6.0,-0.6994267366166621,6.0,-0.0100666274222711,5.0,10416.90710122618,6120.127235459228,6161.952166259381,-0.4949193528890088,0.1632511907306704,-0.0100666274222711,-482.81980068922735,2.316038376466986,0.8241482807417602,-0.6994267366166621,-0.0100666274222711,6.0,6.0
TCB,Context only,Ridge,log1p,False,114,modelscale_rmse_mean,3.686599860727064,7.0,-4.893141559351186,7.0,-0.0657384278085495,6.0,2040583.9817865824,3521838.507763203,981347.446067888,-96777.78451677636,0.1169621278426264,-0.0670079038221208,974488.0054634636,3.686599860727064,2.688428272628345,-4.893141559351186,-0.0657384278085495,7.0,7.0
TCB,Context only,ElasticNet,log1p,False,114,modelscale_rmse_mean,5.234437694933324,8.0,-8.417626108699375,8.0,-0.2039230712660162,7.0,12919965.570337756,11752232.57077526,4837590.310064096,-5913994.115153334,-0.0443671573316466,-0.2051908257809872,4830752.160352105,5.234437694933324,2.6733072600847483,-8.417626108699375,-0.2039230712660162,8.0,8.0
TCB,S2 + Context,CatBoost,log1p,False,114,modelscale_rmse_mean,1.748338431259734,1.0,0.0431971969333588,1.0,0.3879418671211077,1.0,8479.121920390366,3453.2697117918783,4545.864305329332,-0.0173864010355198,0.2888060595254405,0.3879418671211077,-2577.2023264214818,1.748338431259734,0.3653756397351066,0.0431971969333588,0.3879418671211077,1.0,1.0
TCB,S2 + Context,RandomForest,log1p,False,114,modelscale_rmse_mean,1.7944643603832988,2.0,0.001413976979164,2.0,0.3415248147271341,3.0,8532.264578861448,3450.715778359663,4557.018967904186,-0.0310218959478379,0.259788553351345,0.3415248147271341,-2606.149325963213,1.7944643603832988,0.4401380058804889,0.001413976979164,0.3415248147271341,2.0,2.0
TCB,S2 + Context,XGBoost,log1p,False,114,modelscale_rmse_mean,1.844224893186133,3.0,-0.0662418089787353,4.0,0.3726812968685182,2.0,8911.512514125498,3062.0625331817505,5031.509051278039,-0.1543238086664778,0.2829370417768879,0.3726812968685182,-1769.727237475934,1.844224893186133,0.3781483598919404,-0.0662418089787353,0.3726812968685182,5.0,3.0
TCB,S2 + Context,ExtraTrees,log1p,False,114,modelscale_rmse_mean,1.8592779472375385,4.0,-0.0652254893505597,3.0,0.2344644262298818,4.0,8581.088477069117,3186.852787038602,4610.622198126765,-0.0565850462395963,0.2537188179793954,0.2344644262298818,-2549.9093500537288,1.8592779472375385,0.537296685736204,-0.0652254893505597,0.2344644262298818,3.0,4.0
TCB,S2 + Context,DummyMedian,log1p,True,114,modelscale_rmse_mean,1.8764418082424648,5.0,-0.0876104640311535,5.0,,,8853.45801682931,3242.164235026896,4549.543859649123,-0.1268777452873631,,,-3034.6666666666665,1.8764418082424648,0.5111237871843263,-0.0876104640311535,,4.0,5.0
TCB,S2 + Context,Stacking_RidgeMeta,log1p,False,114,modelscale_rmse_mean,1.9891616606015825,6.0,-0.2233199032230425,6.0,0.1390387213067622,5.0,9484.894583164572,5029.688195903141,5329.235720303905,-0.2351832272361345,0.2728475293438347,0.1390387213067622,-1468.681798464382,1.9891616606015825,0.60673482465894,-0.2233199032230425,0.1390387213067622,6.0,6.0
TCB,S2 + Context,Ridge,log1p,False,114,modelscale_rmse_mean,3.3636961672952146,7.0,-3.3903230636191366,7.0,0.0309808975491196,6.0,8073190.556468982,13966724.395377325,2678025.469970681,-1519624.8706518374,0.1812582302527376,0.0309808975491196,2671524.58164476,3.3636961672952146,1.998263386366684,-3.3903230636191366,0.0309808975491196,7.0,7.0
TCB,S2 + Context,ElasticNet,log1p,False,114,modelscale_rmse_mean,4.237035199152633,8.0,-5.131257315217889,8.0,-0.0648209555038071,7.0,25476770.98125477,43796577.88934337,9070373.602570329,-15007340.533010544,0.0456541582230617,-0.0648209555038071,9063715.08064206,4.237035199152633,1.9408512215842464,-5.131257315217889,-0.0648209555038071,8.0,8.0
FCB,S2 only,Stacking_RidgeMeta,log1p,False,114,modelscale_rmse_mean,2.014147318576192,1.0,-0.0523948307415191,1.0,0.1643594001671145,1.0,3290.7121336435216,633.2844003973206,1559.442806490517,-0.1146464017153374,0.1905390770315728,0.1643594001671145,-1155.1224460772758,2.014147318576192,0.4552681596793937,-0.0523948307415191,0.1643594001671145,6.0,1.0
FCB,S2 only,DummyMedian,log1p,True,114,modelscale_rmse_mean,2.0293723395975083,2.0,-0.0624255468897244,2.0,,,3345.975997554122,647.3589179351396,1571.8274316473146,-0.1513023731526022,,,-1214.663796422861,2.0293723395975083,0.507771682754959,-0.0624255468897244,,8.0,2.0
FCB,S2 only,RandomForest,log1p,False,114,modelscale_rmse_mean,2.034403788990228,3.0,-0.0707383480897673,3.0,0.1579833603550262,2.0,3250.1627445469653,594.4612939790811,1578.6820580222145,-0.0900854565902077,0.1954520072301299,0.1579833603550262,-1058.1776435597458,2.034403788990228,0.4801769826520351,-0.0707383480897673,0.1579833603550262,2.0,3.0
FCB,S2 only,Ridge,log1p,False,114,modelscale_rmse_mean,2.069777128577825,4.0,-0.1245260917259963,4.0,0.103731638667954,5.0,3317.2229123425227,606.1507107526933,1584.1074722160974,-0.1336303633825748,0.0902879768916739,0.103731638667954,-1146.5722389786597,2.069777128577825,0.379113915025273,-0.1245260917259963,0.103731638667954,7.0,4.0
FCB,S2 only,ElasticNet,log1p,False,114,modelscale_rmse_mean,2.0771688928245613,5.0,-0.1349165119943462,5.0,0.1351288479893808,3.0,3276.794245185211,523.3556159200197,1649.4314265191358,-0.112407935515815,0.1212996167445662,0.1351288479893808,-961.124292925978,2.0771688928245613,0.3566560488967134,-0.1349165119943462,0.1351288479893808,5.0,5.0
FCB,S2 only,ExtraTrees,log1p,False,114,modelscale_rmse_mean,2.12229054886282,6.0,-0.1795780427210605,6.0,0.110029451672216,4.0,3225.330982423937,554.320324209014,1589.875189209206,-0.0760143281875039,0.2039479929104982,0.110029451672216,-1044.384648701069,2.12229054886282,0.4343891919942222,-0.1795780427210605,0.110029451672216,1.0,6.0
FCB,S2 only,XGBoost,log1p,False,114,modelscale_rmse_mean,2.187870925206292,7.0,-0.2436538609781429,7.0,0.0887413162960329,7.0,3253.2261319287463,601.7089581734741,1665.757370995793,-0.0919721586006202,0.1358119168997897,0.0887413162960329,-937.9237626612944,2.187870925206292,0.505069637503332,-0.2436538609781429,0.0887413162960329,3.0,7.0
FCB,S2 only,CatBoost,log1p,False,114,modelscale_rmse_mean,2.1984705191108325,8.0,-0.2540269039424563,8.0,0.0943088750160804,6.0,3261.4063660931192,611.5365346669828,1645.37785884628,-0.0975822784898723,0.1832580536763493,0.0943088750160804,-1034.5706161251244,2.1984705191108325,0.562895617731855,-0.2540269039424563,0.0943088750160804,4.0,8.0
FCB,Context only,DummyMedian,log1p,True,114,modelscale_rmse_mean,2.0293723395975083,1.0,-0.0624255468897244,1.0,,,3345.975997554122,647.3589179351396,1571.8274316473146,-0.1513023731526022,,,-1214.663796422861,2.0293723395975083,0.507771682754959,-0.0624255468897244,,6.0,1.0
FCB,Context only,RandomForest,log1p,False,114,modelscale_rmse_mean,2.059286993903785,2.0,-0.0933669479629638,2.0,0.2407459910041223,1.0,3198.1187924647297,570.4476164704644,1527.83638158532,-0.0544018532862637,0.2952273821207163,0.2407459910041223,-1077.5738989425847,2.059286993903785,0.5173490162226789,-0.0933669479629638,0.2407459910041223,2.0,2.0
FCB,Context only,CatBoost,log1p,False,114,modelscale_rmse_mean,2.0768156419281323,3.0,-0.1073871248523797,3.0,0.1668257133917035,3.0,3228.894025966603,555.7901415332658,1557.5543314108938,-0.0761804112859916,0.1986818004913449,0.1668257133917035,-1021.9335682071896,2.0768156419281323,0.6432781324968581,-0.1073871248523797,0.1668257133917035,4.0,3.0
FCB,Context only,ExtraTrees,log1p,False,114,modelscale_rmse_mean,2.12902388163615,4.0,-0.1572968026090933,4.0,0.0999552051652193,4.0,3217.2795093334425,521.9317167643663,1578.1926301726007,-0.0702842590572782,0.219007124351779,0.0999552051652193,-1055.4750522235693,2.12902388163615,0.6885854146477637,-0.1572968026090933,0.0999552051652193,3.0,4.0
FCB,Context only,XGBoost,log1p,False,114,modelscale_rmse_mean,2.147851473869041,5.0,-0.1941758255117629,5.0,0.1805974939055258,2.0,3180.6169301773893,543.5754454647739,1583.8191061315022,-0.0443628455470686,0.2285219397304926,0.1805974939055258,-924.5081988771448,2.147851473869041,0.4990950948067412,-0.1941758255117629,0.1805974939055258,1.0,5.0
FCB,Context only,Stacking_RidgeMeta,log1p,False,114,modelscale_rmse_mean,2.289355534688628,6.0,-0.3350388108721349,6.0,-0.079018092855869,6.0,3305.187999014723,654.4587240698928,1692.5991150671136,-0.1228897158319661,0.0730159532290308,-0.079018092855869,-968.6335206730568,2.289355534688628,0.7712107136655836,-0.3350388108721349,-0.079018092855869,5.0,6.0
FCB,Context only,Ridge,log1p,False,114,modelscale_rmse_mean,3.9552490511449774,7.0,-4.574431364488679,7.0,0.010101914601937,5.0,1881180.6932089385,3253455.654827814,914603.2629258744,-794948.7711644556,0.1143833671475305,0.008800092135195,912278.2149347928,3.9552490511449774,2.488837073003532,-4.574431364488679,0.010101914601937,8.0,7.0
FCB,Context only,ElasticNet,log1p,False,114,modelscale_rmse_mean,4.800167162087021,8.0,-5.440454264445257,8.0,-0.1395176871512717,7.0,1520406.6728226903,1963778.332320668,645833.2711422426,-380261.60696094105,-0.0189617714068054,-0.1395176871512717,643663.5554961782,4.800167162087021,1.8187414739947785,-5.440454264445257,-0.1395176871512717,7.0,8.0
FCB,S2 + Context,DummyMedian,log1p,True,114,modelscale_rmse_mean,2.0293723395975083,1.0,-0.0624255468897244,2.0,,,3345.975997554122,647.3589179351396,1571.8274316473146,-0.1513023731526022,,,-1214.663796422861,2.0293723395975083,0.507771682754959,-0.0624255468897244,,6.0,1.0
FCB,S2 + Context,RandomForest,log1p,False,114,modelscale_rmse_mean,2.0305348335649858,2.0,-0.0613324783572802,1.0,0.257002319305863,1.0,3197.6831225133187,564.0067784940568,1544.3902691354594,-0.0545293078296056,0.3247920155166715,0.257002319305863,-1074.7653701609495,2.0305348335649858,0.5334839899589686,-0.0613324783572802,0.257002319305863,4.0,2.0
FCB,S2 + Context,CatBoost,log1p,False,114,modelscale_rmse_mean,2.054775658068658,3.0,-0.0865733212143036,3.0,0.2200190712717432,2.0,3184.1591664949624,567.9678263779934,1599.9232283295833,-0.0479627012751379,0.2611107070148858,0.2200190712717432,-963.1351811240924,2.054775658068658,0.5667823526119169,-0.0865733212143036,0.2200190712717432,3.0,3.0
FCB,S2 + Context,ExtraTrees,log1p,False,114,modelscale_rmse_mean,2.070230087513391,4.0,-0.1000737223950957,4.0,0.1490747381878721,4.0,3225.189224238889,497.7472956600828,1581.3800240147268,-0.0773620327876847,0.2358936439628255,0.1490747381878721,-1060.9777960673323,2.070230087513391,0.6106692632796598,-0.1000737223950957,0.1490747381878721,5.0,4.0
FCB,S2 + Context,Stacking_RidgeMeta,log1p,False,114,modelscale_rmse_mean,2.1171949953752187,5.0,-0.1468642640701666,5.0,0.1392055151087289,5.0,3177.8876251749657,605.4964452489849,1560.3077150487134,-0.0393181648401895,0.3512038742587576,0.1392055151087289,-1061.2744285328836,2.1171949953752187,0.6298260796803852,-0.1468642640701666,0.1392055151087289,2.0,5.0
FCB,S2 + Context,XGBoost,log1p,False,114,modelscale_rmse_mean,2.1264982646695567,6.0,-0.1623879254775531,6.0,0.2034948724976268,3.0,3168.890959534457,561.2966724059999,1635.2742619515973,-0.0410979475066907,0.2823718691148064,0.2034948724976268,-872.9735075261628,2.1264982646695567,0.5659883986598516,-0.1623879254775531,0.2034948724976268,1.0,6.0
FCB,S2 + Context,Ridge,log1p,False,114,modelscale_rmse_mean,4.2422575035718975,7.0,-4.655432030536546,7.0,-0.0374586150346421,6.0,470069.56656088494,808211.2235848923,190002.38366476493,-49249.925057207096,0.1808737850856567,-0.0369673071111886,187845.3716138684,4.2422575035718975,1.828717826026813,-4.655432030536546,-0.0374586150346421,7.0,7.0
FCB,S2 + Context,ElasticNet,log1p,False,114,modelscale_rmse_mean,4.578294957402922,8.0,-4.760564224064711,8.0,-0.0849751861595789,7.0,2230768.6615232304,3763492.636790504,765994.6534323149,-1082075.048165375,0.1631402028849017,-0.0849751861595789,763875.0308543114,4.578294957402922,1.3186488613331473,-4.760564224064711,-0.0849751861595789,8.0,8.0
